ID,Name,Address,City,State,Zip,Classification,PayMethod,Salary,Hourly,Commission,Route,Account
688997,Karina Gay,998 Vitae St.,Atlanta,GA,45169,1,1,45884.99,46.92,34,30417353-K,465794-3611,23/5/1987,772-31-7592,3/9/2019,0,0,Cleric,Science,778-867-1518,GayKarina@uvu.edu,651Zerg$
522759,TaShya D. Snow,2624 Hendrerit St.,College,AK,99789,2,2,50005.50,68.13,25,36644938-8,244269-0000,19/8/1983,823-41-7671,8/1/2020,0,0,Ranger,Security,689-693-5688,D.TaShya@uvu.edu,751Protoss@
165966,Rooney Alvarado,4963 Nisl. St. Ap #185,Gillette,WY,20226,3,2,34532.37,21.53,24,37324307-8,422046-0739,2/1/1998,300-96-3525,29/11/2005,0,1,Rogue,Science,895-653-8482,AlvaradoRooney@uvu.edu,631Terran$
983010,Jolene Burgess,P.O. Box 873,South Burlington,VT,32036,2,2,20042.77,40.17,23,15300058-1,828625-2906,13/1/1964,619-94-7281,6/4/2004,0,1,Paladin,Medical,630-561-9677,BurgessJolene@uvu.edu,651Protoss@
939825,Yoko M. Pitts,4825 Nec Ave,Meridian,ID,45614,1,1,35251.89,46.64,13,44553589-3,785957-2104,29/4/1969,353-53-9819,12/11/2011,0,1,Cleric,Science,410-607-1215,M.Yoko@uvu.edu,436Protoss#
379767,Jin W. Morrison,8628 Id St.,Milwaukee,WI,80356,3,1,64467.10,82.98,33,21038669-6,654904-8491,19/4/1978,860-12-3643,13/3/2011,0,0,Wizard,Security,930-581-6332,W.Jin@uvu.edu,537Protoss#
900100,Sopoline Bullock,4963 Nisl. St. Ap #579,Idaho Falls,ID,65094,1,2,81929.49,42.76,16,46979340-0,485847-0083,12/3/1968,382-40-6180,16/11/2016,1,1,Rogue,Command,692-360-4377,BullockSopoline@uvu.edu,785Terran*
969829,Bruce A. Raymond,65009 Iaculis Road,Juneau,AK,99719,1,2,37697.26,17.33,22,28504011-6,397558-4404,12/6/1994,552-19-9597,2/3/2008,1,1,Cleric,Command,471-227-2122,A.Bruce@uvu.edu,838Zerg$
283809,Hanae Dickson,1633 Dolor Av.,Dover,DE,61813,1,2,51018.46,91.22,35,48786143-K,295643-0090,19/4/1993,629-63-6887,22/4/2003,0,1,Druid,Medical,674-115-4978,DicksonHanae@uvu.edu,477Zerg#
224568,Jenna B. Strickland,70156 Rutrum Street,Phoenix,AZ,86207,1,1,57545.39,24.70,23,33878326-4,248847-6397,13/10/1969,290-53-6028,15/7/2016,1,0,Paladin,Security,489-537-1403,B.Jenna@uvu.edu,647Zerg*
752867,Ruth S. Haley,6384 Risus Av. Ap #943,Waterbury,CT,58012,2,1,61050.17,42.26,24,12046284-9,399575-5166,10/3/1961,355-71-1666,18/6/2016,0,0,Ranger,Security,220-917-8296,S.Ruth@uvu.edu,794Protoss#
163695,Beatrice P. Ware,8903 Eget Rd.,Oklahoma City,OK,20552,1,1,46342.01,86.47,17,26387832-9,212804-3003,5/9/1974,443-77-8713,14/8/2009,1,0,Ranger,Medical,243-956-5481,P.Beatrice@uvu.edu,658Zerg*
226423,Randall Horton,3834 Tortor Av.,Topeka,KS,52541,2,2,40872.60,57.05,31,13255163-4,104934-8350,24/2/1972,641-71-1728,8/2/2011,0,0,Ranger,Command,611-799-2834,HortonRandall@uvu.edu,587Zerg#
349833,Damian Garrison,1646 In Street,San Francisco,CA,95787,2,2,99571.55,82.41,19,45550736-7,779184-5410,7/11/1986,265-66-8813,17/1/2011,1,0,Sorcerer,Command,166-126-8646,GarrisonDamian@uvu.edu,964Terran#
531061,Alvin Guerrero,248 Mauris St. Ap #748,Indianapolis,IN,92237,2,2,56430.96,38.42,27,16935557-6,994966-8363,14/6/1964,129-51-4643,3/6/2003,1,0,Ranger,Engineer,815-787-5517,GuerreroAlvin@uvu.edu,470Protoss@
169927,Alexandra Y. Duke,P.O. Box 727,Springfield,MA,50647,2,2,31631.98,95.73,13,23609043-4,538878-8548,6/4/1990,131-87-3031,28/7/2011,1,1,Fighter,Science,293-945-6747,Y.Alexandra@uvu.edu,833Protoss#
454912,Sylvester J. Rowland,8628 Pede Ave,Baltimore,MD,93306,1,1,49570.97,25.20,32,5363288-2,339235-5453,13/4/1967,649-68-9304,19/9/2014,1,1,Barbarian,Medical,521-794-1427,J.Sylvester@uvu.edu,946Terran@
285767,Porter Wolfe,4842 Tincidunt Av.,Miami,FL,44875,1,1,41212.83,87.54,22,16506147-0,087434-1662,13/11/1954,923-17-7998,27/9/2015,1,1,Paladin,Medical,774-181-4579,WolfePorter@uvu.edu,402Terran$
674261,Scott T. Shields,8402 Pretium Rd. Ap #163,Grand Rapids,MI,26321,1,1,86913.93,83.43,15,21871936-8,779622-5618,9/11/1953,986-26-1699,7/8/2005,1,1,Sorcerer,Security,558-997-1557,T.Scott@uvu.edu,617Zerg$
265154,Amir Mcintosh,83493 Nibh. Ave,West Jordan,UT,40532,3,2,91254.76,67.73,27,8752077-3,866009-0500,2/7/1981,538-13-3714,7/11/2003,0,0,Monk,Security,372-295-9127,McintoshAmir@uvu.edu,370Zerg*
160769,Grant X. Mccarthy,9846 Arcu. Road,Ketchikan,AK,99634,3,1,36025.38,79.99,11,7117844-7,288413-2164,6/4/1974,477-36-4942,29/2/2004,0,0,Bard,Medical,776-817-9705,X.Grant@uvu.edu,726Terran*
426824,Mira Y. Wolf,37224 Pharetra Ave,Savannah,GA,22329,1,2,45576.80,26.99,34,12666803-1,158217-3462,7/11/1973,722-54-4255,2/2/2014,0,0,Wizard,Command,918-530-1085,Y.Mira@uvu.edu,531Protoss*
502141,Brock Sandoval,4882 Consectetuer Street,Wyoming,WY,15840,2,1,58436.75,26.25,32,13977869-3,906688-1963,11/6/1960,361-42-7319,21/2/2011,1,0,Barbarian,Science,375-386-5237,SandovalBrock@uvu.edu,460Zerg#
934003,Kelsey K. Saunders,9920 Aliquam Av. Ap #128,Salt Lake City,UT,97100,1,1,42548.72,31.24,18,37723944-K,769125-4564,28/5/1964,635-83-4730,24/1/2019,1,1,Cleric,Medical,282-896-1839,K.Kelsey@uvu.edu,516Zerg@
377013,Teagan Goodwin,P.O. Box 317,Akron,OH,66603,3,2,69765.24,84.73,13,24639186-6,433898-4976,11/7/1976,117-51-2995,19/8/2010,1,1,Druid,Command,804-359-4997,GoodwinTeagan@uvu.edu,370Protoss*
